"0","library(MASS)"
"0","library(tidyverse)"
"2","Registered S3 method overwritten by 'dplyr':
  method           from
  print.rowwise_df     
"
"2","[30mâ”€â”€ [1mAttaching packages[22m â”€â”€â”€â”€â”€â”€â”€â”€â”€â”€â”€â”€â”€â”€â”€â”€â”€â”€â”€â”€â”€â”€â”€â”€â”€â”€â”€â”€â”€â”€â”€â”€â”€â”€â”€â”€â”€â”€â”€â”€â”€â”€â”€â”€â”€â”€â”€â”€â”€â”€â”€â”€â”€â”€â”€â”€â”€â”€â”€â”€â”€â”€â”€â”€â”€â”€â”€â”€â”€â”€â”€â”€â”€â”€â”€ tidyverse 1.2.1 â”€â”€[39m
"
"2","[30m[32mâœ”[30m [34mggplot2[30m 3.2.1     [32mâœ”[30m [34mpurrr  [30m 0.3.2
[32mâœ”[30m [34mtibble [30m 2.1.3     [32mâœ”[30m [34mdplyr  [30m 0.8.3
[32mâœ”[30m [34mtidyr  [30m 1.0.0     [32mâœ”[30m [34mstringr[30m 1.4.0
[32mâœ”[30m [34mreadr  [30m 1.3.1     [32mâœ”[30m [34mforcats[30m 0.4.0[39m
"
"2","[30mâ”€â”€ [1mConflicts[22m â”€â”€â”€â”€â”€â”€â”€â”€â”€â”€â”€â”€â”€â”€â”€â”€â”€â”€â”€â”€â”€â”€â”€â”€â”€â”€â”€â”€â”€â”€â”€â”€â”€â”€â”€â”€â”€â”€â”€â”€â”€â”€â”€â”€â”€â”€â”€â”€â”€â”€â”€â”€â”€â”€â”€â”€â”€â”€â”€â”€â”€â”€â”€â”€â”€â”€â”€â”€â”€â”€â”€â”€â”€â”€â”€â”€â”€â”€ tidyverse_conflicts() â”€â”€
[31mâœ–[30m [34mdplyr[30m::[32mfilter()[30m masks [34mstats[30m::filter()
[31mâœ–[30m [34mdplyr[30m::[32mlag()[30m    masks [34mstats[30m::lag()
[31mâœ–[30m [34mdplyr[30m::[32mselect()[30m masks [34mMASS[30m::select()[39m
"
"0","library(mgcv)"
"2","Loading required package: nlme
"
"2","
Attaching package: â€˜nlmeâ€™

"
"2","The following object is masked from â€˜package:dplyrâ€™:

    collapse

"
"2","This is mgcv 1.8-31. For overview type 'help(""mgcv-package"")'.
"
